Фамилия;Имя;Отчество;Логин;Пароль;Роль
Яковлев ;Ефим;Ильяович;loginDEsar2018;2M2IQH;Менеджер
Васильева ;Маргарита;Валерьяновна;loginDEuxd2018;*PI3KN;Заместитель директора
Петухов ;Гордей;Серапионович;loginDEepk2018;VZ&Ak7;Заказчик
Нестеров ;Виктор;Юлианович;loginDEjhb2018;PNvt8N;Заказчик
Белоусов ;Антонин;Яковович;loginDExzi2018;{+1T1M;Директор
Ермакова ;Александра;Куприяновна;loginDEvva2018;G{q*LD;Заместитель директора
Баранова ;Галина;Еремеевна;loginDEudz2018;Xcjvmi;Менеджер
Лебедев ;Валерьян;Кимович; loginDEyyj2018;z+U0XU;Заказчик
Никонов ;Богдан;Юлианович;loginDEvdj2018;5Eq6d|;Заместитель директора
Карпов ;Дмитрий;Владимирович;loginDErwk2018;|nZOKu;Заказчик
Мартынов ;Онисим;Ярославович;loginDElkc2018;BOvRGk;Мастер
Кузнецов ;Созон;Викторович;loginDEmge2018;C947}j;Менеджер
Николаева ;Ирина;Федотовна;loginDEtol2018;&ksGM5;Директор
Виноградов ;Ростислав;Еремеевич;loginDEjwb2018;IQ+a01;Заказчик
Лебедева ;Евдокия;Ивановна;loginDEzhf2018;xws6L9;Менеджер
Иванов ;Игнатий;Авксентьевич;loginDEobp2018;XNGjJy;Директор
Савин ;Пётр;Артёмович;loginDEloi2018;azEz+L;Менеджер
Голубев ;Семён;Олегович;loginDEuau2018;FNnhJ1;Директор
Горбачёв ;Ириней;Викторович;loginDEdwi2018;n*aog&;Менеджер
Игнатьева ;Глафира;Эдуардовна;loginDEecu2018;s6FMJ|;Заказчик
Красильников ;Геннадий;Романович;loginDEdfk2018;aqgkFV;Заказчик
Якушев ;Германн;Мэлорович;loginDEkxq2018;8igB2p;Мастер
Андреев ;Руслан;Федосеевич;loginDEhqm2018;BPvGYj;Заказчик
Козлов ;Эдуард;Протасьевич;loginDEyzm2018;*Nx7JS;Заместитель директора
Галкин ;Ярослав;Фролович;loginDEzbd2018;hWTIZR;Заместитель директора
Назаров ;Иван;Мартынович;loginDEoni2018;phdlXA;Заказчик
Воронцов ;Владимир;Игнатьевич;loginDEewk2018;4baKX7;Мастер
Артемьев ;Даниил;Дамирович;loginDEdfh2018;t0CrUG;Мастер
Абрамова ;Милица;Аристарховна;loginDEufs2018;7CLi&1;Менеджер
Владимиров ;Протасий;Витальевич;loginDEzsy2018;a6}lPi;Мастер
Агафонов ;Ириней;Фёдорович;loginDElzj2018;Ph0lH+;Директор
Суворов ;Владислав;Иринеевич;loginDEwtu2018;kVUA|*;Мастер
Яковлев ;Игнатий;Даниилович;loginDEpyt2018;VAwNEk;Заместитель директора
Павлов ;Константин;Гордеевич;loginDEquw2018;65j6kZ;Мастер
Щукина ;Марфа;Глебовна;loginDEcxk2018;sM*fqO;Заказчик
Мишин ;Михаил;Глебович;loginDEnxq2018;|yxsob;Заместитель директора
Исакова ;София;Юрьевна;loginDEpmm2018;wRERed;Заместитель директора
Сысоева ;Виктория;Максимовна;loginDEitt2018;L+OKpQ;Менеджер
Большаков ;Владимир;Филатович;loginDEttt2018;1YOnW3;Мастер
Абрамова ;Оксана;Ростиславовна;loginDExrn2018;eaI8ng;Менеджер
Зиновьев ;Иван;Ильяович;loginDEelh2018;NNmfSo;Заместитель директора
Евдокимов ;Алексей;Антонович;loginDEwxd2018;Smjq0v;Директор
Романов ;Германн;Серапионович;loginDEiho2018;UIlg{8;Заместитель директора
Логинов ;Егор;Лаврентьевич;loginDEsyo2018;F743ca;Заказчик
Кондратьев ;Бронислав;Тихонович;loginDEmwq2018;YZ{snT;Мастер
Александрова ;Нинель;Мстиславовна;loginDEykk2018;EttWT{;Менеджер
Терентьев ;Игорь;Александрович;loginDEell2018;7wQfBj;Менеджер
Пахомов ;Гордей;Борисович;loginDEdys2018;B}2V7t;Директор
Большаков ;Яков;Протасьевич;loginDEqoh2018;+xRJ|2;Менеджер
Крылов ;Авдей;Анатольевич;loginDEpdv2018;r1HuS2;Менеджер
Петрова ;Иванна;Андреевна;loginDEzqn2018;Lgd57H;Мастер
Воронцов ;Никита;Лаврентьевич;loginDEvzo2018;VO7mOE;Директор
Федосеев ;Иван;Валентинович;loginDEiyy2018;Ip|*iS;Мастер
Галкин ;Владислав;Филатович;loginDEdgv2018;kfmvXj;Директор
Киселёв ;Валерьян;Евгеньевич;loginDEurj2018;9ImBsL;Директор
Путин ;Станислав;Протасьевич;loginDEaul2018;MTZb+A;Мастер
Харитонов ;Германн;Ефимович;loginDEbdx2018;F|mMSS;Заместитель директора
Гурьева ;Ольга;Аркадьевна;loginDEyzp2018;wFCnHN;Мастер
Сысоев ;Демьян;Антонинович;loginDErwb2018;v5RpBS;Менеджер
Шубин ;Тихон;Лаврентьевич;loginDEpri2018;RI2*T9;Мастер
Евсеев ;Эдуард;Протасьевич;loginDEzpr2018;NP+J;Менеджер
Мясников ;Борис;Лукьевич;loginDEhfv2018;QpAY63;Мастер
Мартынова ;Клавдия;Лукьяновна;loginDEyjy2018;20uyVz;Менеджер
Филатов ;Андрей;Константин;loginDEejw2018;4}szdy;Директор
Ефремов ;Протасий;Протасьевич;loginDEdby2018;rleZVk;Менеджер
Михайлов ;Парфений;Мэлорович;loginDEzqk2018;TOOuow;Заказчик
Самойлов ;Богдан;Геласьевич;loginDEjdf2018;*jzOGy;Менеджер
Громова ;Маргарита;Митрофановна;loginDEycc2018;YeTO&L;Мастер
Копылова ;Иванна;Геласьевна;loginDEmoq2018;*bhJb4;Мастер
Носков ;Семён;Васильевич;loginDEgtz2018;Tv&BVy;Мастер
Данилов ;Егор;Валентинович;loginDEkuy2018;s4Vm64;Менеджер
Иванов ;Вячеслав;Парфеньевич;loginDEpxb2018;wso}8C;Менеджер
Кошелева ;Василиса;Якововна;loginDEbfn2018;RCt1Sk;Заказчик
Данилов ;Мстислав;Олегович;loginDEhqt2018;EhWhoq;Заместитель директора
Горбунов ;Павел;Леонидович;loginDExyh2018;CRk03h;Мастер
Никитин ;Борис;Евгеньевич;loginDEjrd2018;8tl2a+;Менеджер
Доронина ;Фаина;Якуновна;loginDEkma2018;jW{dgt;Менеджер
Поляков ;Лукьян;Викторович;loginDEknj2018;hKZfoC;Мастер
Уварова ;Наталья;Евгеньевна;loginDEfvq2018;*uGVVE;Менеджер
Соболев ;Фрол;Германович;loginDEvqh2018;oQmpma;Менеджер
Суворова ;Зинаида;Александровна;loginDEcdg2018;UYNHsU;Заказчик
Федосеева ;Иванна;Михаиловна;loginDEpdu2018;g13tn;Мастер
Кудряшов ;Михаил;Протасьевич;loginDEgbi2018;c29wfj;Директор
Аксёнова ;Александра;Лаврентьевна;loginDEklt2018;5QO|u4;Заместитель директора
Баранов ;Алексей;Авдеевич;loginDEbka2018;|AbflR;Директор
Гришин ;Донат;Константинович;loginDEthx2018;+t}zCu;Заказчик
Ершов ;Виктор;Яковович;loginDErns2018;tz2wx5;Заместитель директора
Григорьев ;Митрофан;Парфеньевич;loginDEybt2018;e7uyxU;Менеджер
Панов ;Донат;Александрович;loginDEoyy2018;4a0mnh;Мастер
Буров ;Серапион;Сергеевич;loginDEooj2018;GPf+Bw;Мастер
Дорофеева ;Светлана;Брониславовна;loginDExbs2018;I6DDeV;Заместитель директора
Суханова ;Ангелина;Григорьевна;loginDEafi2018;hN8}Tj;Менеджер
Сергеев ;Антонин;Вадимович;loginDEzyb2018;ZG73**;Мастер
Комиссаров ;Тихон;Варламович;loginDEhwk2018;TeoCY0;Заместитель директора
Ефимова ;Анжелика;Николаевна;loginDEzby2018;n|MYCO;Менеджер
Блинов ;Мэлор;Дамирович;loginDExzu2018;Sch+GG;Директор
Блохина ;Акулина;Якуновна;loginDExzf2018;6cmjFd;Мастер
Гущина ;Ксения;Романовна;loginDEzva2018;0vLvlW;Директор
Пахомов ;Донат;Евсеевич;loginDEdya2018;tS2NmR;Заказчик
Дементьев ;Владлен;Глебович;loginDEaou2018;1E6ONr;Менеджер
Мишин ;Ростислав;Пантелеймонович;loginDEeqk2018;I{iaU4;Директор
Пестова ;Ия;Святославовна;loginDErot2018;I+0E2j;Директор
Казакова ;Кира;Вячеславовна;loginDEhkz2018;T6BAKi;Заказчик
Жданов ;Ярослав;Варламович;loginDEcxd2018;WMe2B;Заместитель директора
Вишнякова ;Прасковья;Всеволодовна;loginDEpty2018;m{Li1+;Мастер
Панфилов ;Кондрат;Антонинович;loginDEtaa2018;R8oTaQ;Заказчик
Буров ;Егор;Арсеньевич;loginDEibc2018;qb8|Mk;Заместитель директора
Рожков ;Глеб;Гордеевич;loginDEwxv2018;qK6y{W;Менеджер
Федосеева ;Ольга;Алексеевна;loginDEdmd2018;6xjzYR;Заместитель директора
Яковлева ;Валерия;Михаиловна;loginDEytk2018;7D9re0;Заместитель директора
Лукин ;Пётр;Кондратович;loginDEqga2018;P+4p4a;Менеджер
Дмитриев ;Никита;Пётрович;loginDEaxl2018;V2S+Ih;Заказчик
Тарасова ;Зоя;Якуновна;loginDEyan2018;uf6Krf;Директор
Исаков ;Константин;Яковович;loginDEidg2018;YjZW6A;Заместитель директора
Юдин ;Валентин;Геласьевич;loginDEwpm2018;zqnoi|;Заказчик
Селиверстова ;Анжела;Алексеевна;loginDEpiz2018;JTXLk6;Директор
Беляев ;Якун;Протасьевич;loginDEdoo2018;1jH&}l;Директор
Сидоров ;Святослав;Демьянович;loginDEjeh2018;IgW*|U;Заказчик
Кабанов ;Виктор;Парфеньевич;loginDEerm2018;XPr8zT;Мастер
Рогов ;Ким;Станиславович;loginDEdlu2018;JgY{Zo;Директор
Блинова ;Марфа;Николаевна;loginDEplk2018;xQxtYm;Заказчик
Тетерин ;Варлам;Кимович;loginDEtix2018;Y5zv9+;Мастер
Крюков ;Даниил;Онисимович;loginDEarc2018;AZin*Q;Заместитель директора
Пахомова ;Антонина;Еремеевна;loginDEpba2018;&HmMXH;Мастер
Харитонов ;Ириней;Авксентьевич;loginDEyeg2018;CFEe+Z;Заместитель директора
Кузьмин ;Евсей;Андреевич;loginDEshj2018;XW3Bk;Заказчик
Виноградов ;Матвей;Анатольевич;loginDEchx2018;S5c&fX;Директор
Якушева ;Анастасия;Якуновна;loginDEwvl2018;&9Vpqk;Заказчик
Егоров ;Евсей;Константинович;loginDEeeg2018;fIqIdE;Директор
Морозова ;Феврония;Всеволодовна;loginDEaeu2018;ubmJ{u;Заказчик
Доронин ;Митрофан;Лаврентьевич;loginDEend2018;SX8Z4A;Директор
Костин ;Константин;Арсеньевич;loginDEtik2018;a&+vrv;Директор
Сорокин ;Агафон;Семёнович;loginDEmmh2018;x1wAHo;Мастер
Мясникова ;Евфросиния;Федотовна;loginDEcur2018;FuE312;Директор
Власов ;Никита;Мартынович;loginDEath2018;Ii{d2t;Директор
Зуев ;Николай;Георгьевич;loginDEdif2018;Tpivcr;Заказчик
Жданов ;Степан;Аристархович;loginDErnv2018;gJ1NYR;Директор
Кулагин ;Лукий;Брониславович;loginDEhrc2018;sk1mgK;Заместитель директора
Кабанова ;Алла;Фёдоровна;loginDEodw2018;AMSLmE;Менеджер
Соболева ;Валерия;Всеволодовна;loginDEbed2018;282IYv;Мастер
Михеев ;Ярослав;Антонович;loginDEnqq2018;XKrJOU;Директор
Комаров ;Всеволод;Степанович;loginDEjgu2018;ELrDod;Заказчик
Белоусов ;Лукьян;Геласьевич;loginDEwbn2018;96TfQ|;Заместитель директора
Фёдоров ;Донат;Егорович;loginDEfbq2018;}G4XKd;Заместитель директора
Матвиенко ;Валерия;Вячеславовна;loginDEccy2018;4zb2ow;Заместитель директора
Калашников ;Бронислав;Арсеньевич;loginDEuwn2018;wPbrBV;Директор
 Турова ;Василиса;Алексеевна;loginDEsty2018;Caam+a;Заказчик
Андреев ;Лаврентий;Созонович;loginDEubl2018;R&o+7+;Мастер
Филиппова ;Фаина;Фёдоровна;loginDEtqw2018;UJW+*N;Директор
Соболев ;Геннадий;Якунович;loginDExic2018;bp&g7f;Директор
Михеева ;Евдокия;Якововна;loginDEvdy2018;|9AaAE;Мастер
Евдокимова ;Людмила;Лаврентьевна;loginDEqhl2018;FQQRMz;Директор
Чернов ;Арсений;Германнович;loginDEhya2018;JQwYv;Директор
Бирюков ;Вячеслав;Агафонович;loginDEffq2018;Vs0tGb;Мастер
Веселов ;Вячеслав;Аркадьевич;loginDEopr2018;Oklkhh;Заместитель директора
Исаева ;Любовь;Мэлоровна;loginDEmbm2018;g90TWM;Заказчик
Гуляева ;Лидия;Ростиславовна;loginDEsze2018;S*{8Ml;Заказчик
Сазонова ;Раиса;Кондратовна;loginDEctg2018;dN+jod;Мастер
Пахомов ;Дмитрий;Юлианович;loginDEruq2018;mXdZTI;Заказчик
Сафонов ;Семён;Лаврентьевич;loginDEqpk2018;Tnh3DJ;Менеджер
Игнатьева ;Элеонора;Олеговна;loginDEmhc2018;mMYPim;Мастер
Жданова ;Ангелина;Якуновна;loginDErvp2018;iIOsgI;Заказчик
Баранов ;Валерьян;Игнатьевич;loginDEgdb2018;xLvXN{;Менеджер
Селезнёва ;Татьяна;Антониновна;loginDExet2018;S*onWu;Менеджер
Наумов ;Ефим;Онисимович;loginDEupl2018;KE6*k|;Мастер
Филатова ;Пелагея;Якуновна;loginDEkbx2018;T}4cTC;Мастер
Карпова ;Дарья;Валерьевна;loginDEzwo2018;zkc0S};Мастер
Пономарёв ;Ярослав;Лаврентьевич;loginDEvln2018;keXJ3o;Менеджер
Гурьев ;Евгений;Витальевич;loginDEayj2018;b6HrZ;Менеджер
Игнатова ;Марфа;Артёмовна;loginDEoby2018;*j704g;Заказчик
Бобров ;Пётр;Леонидович;loginDEdje2018;Ros+rl;Заместитель директора
Кузнецова ;Элеонора;Матвеевна;loginDEnux2018;{XMSKj;Заказчик
Кузьмин ;Василий;Валерьевич;loginDEyhv2018;zNZYk{;Менеджер
Копылова ;Антонина;Макаровна;loginDEuwy2018;m0S8Hy;Заместитель директора
Кабанов ;Гордей;Геласьевич;loginDEkit2018;Zx89p+;Директор
Мельникова ;Прасковья;Мстиславовна;loginDEzfi2018;VbhJh*;Заместитель директора
Громов ;Куприян;Святославович;loginDEbhd2018;a80d5I;Менеджер
Капустин ;Федот;Русланович;loginDEpul2018;1y2EaM;Менеджер
Герасимов ;Донат;Ефимович;loginDEsyc2018;IX+1o1;Менеджер
Панова ;Тамара;Протасьевна;loginDEmqf2018;*eh|rQ;Менеджер
Ефремов ;Дмитрий;Мартынович;loginDEhjw2018;dFb{aw;Мастер
Поляков ;Евсей;Алексеевич;loginDEcjd2018;F4Qv}x;Директор
Беспалов ;Еремей;Мартынович;loginDElnh2018;D+83Ot;Заказчик
Тарасова ;Ксения;Олеговна;loginDEebx2018;WTBC7e;Мастер
Кулаков ;Протасий;Глебович;loginDEtbf2018;}g|DE+;Заместитель директора
Соловьёва ;Любовь;Онисимовна;loginDEpjz2018;V8ArPO;Заместитель директора
Владимиров ;Геннадий;Еремеевич;loginDEfpm2018;oJ7&bs;Менеджер
Некрасова ;Клавдия;Денисовна;loginDEdrx2018;*SZ7TL;Директор
Казакова ;Фаина;Антониновна;loginDEykq2018;Veq1N7;Заказчик
Сазонов ;Протасий;Игоревич;loginDEthb2018;Lt7|ok;Директор
Исаев ;Антон;Брониславович;loginDEbdb2018;nxULDN;Заказчик
Матвеев ;Илья;Федосеевич;loginDEysy2018;*M+eyt;Директор
Шестаков ;Всеволод;Лукьевич;loginDEjrt2018;x8St23;Мастер
Сергеев ;Еремей;Серапионович;loginDEwim2018;Sbe&j};Мастер
Молчанова ;Эмилия;Мэлсовна;loginDEbbt2018;IclO}d;Менеджер
Комаров ;Альвиан;Юлианович;loginDEwbe2018;C&n1bj;Мастер
Щукина ;Клавдия;Куприяновна;loginDEgcb2018;St&dIw;Менеджер
Суханов ;Лукий;Ростиславович;loginDEvai2018;7dX5WR;Заказчик
Мишина ;Глафира;Вадимовна;loginDErbv2018;7NrYfL;Менеджер
Бобылёв ;Якун;Альбертович;loginDEyis2018;qcBZOv;Директор
Маслов ;Геннадий;Куприянович;loginDEmiy2018;dK6+AE;Менеджер
Кириллов ;Серапион;Всеволодович;loginDExrj2018;WJrQlq;Заказчик
Горшкова ;Людмила;Филатовна;loginDEtyl2018;C4f}5e;Менеджер
Тарасова ;Людмила;Макаровна;loginDEvrn2018;AfSRZI;Директор
Русаков ;Ярослав;Агафонович;loginDEqoa2018;NUeFuT;Директор
Ефремова ;Варвара;Иринеевна;loginDEyin2018;eikez3;Мастер
Игнатьев ;Федосей;Парфеньевич;loginDEwpz2018;eMn{Kl;Мастер
Степанова ;Маргарита;Ильяовна;loginDEdmj2018;J+}Wvc;Мастер
Блохина ;Александра;Митрофановна;loginDEooq2018;pSp9XX;Менеджер
Яковлев ;Фёдор;Мартынович;loginDEjoa2018;kChmEo;Мастер
Журавлёва ;Пелагея;Витальевна;loginDEszj2018;B6&cJf;Директор
Корнилов ;Филат;Артёмович;loginDEhzm2018;D*pP0+;Заказчик
Ковалёв ;Павел;Денисович;loginDEsep2018;sG40du;Заказчик
Петров ;Вадим;Мэлорович;loginDEhiq2018;IbJ}qw;Мастер
Нестеров ;Альберт;Мстиславович;loginDEmww2018;ukBtoC;Заказчик
Терентьева ;Вероника;Протасьевна;loginDEgju2018;C7nYc{;Заместитель директора
Белоусов ;Евсей;Николаевич;loginDEcyg2018;UQA1Uu;Мастер
Лебедев ;Парфений;Якунович;loginDEjyc2018;cj9ECm;Мастер
Наумов ;Мстислав;Павлович;loginDEvxf2018;yS2WHF;Мастер
Поляков ;Яков;Юлианович;loginDEajj2018;hzO1*o;Директор
Самойлова ;Клавдия;Владленовна;loginDEjre2018;Ea5FeF;Мастер
Гусева ;Алина;Васильевна;loginDEelw2018;8m|p+S;Заместитель директора
Тимофеева ;Елизавета;Мэлсовна;loginDEkea2018;82af{y;Заказчик
Гурьева ;Кира;Варламовна;loginDExkx2018;8uXYWo;Менеджер
Родионов ;Святослав;Олегович;loginDEyxm2018;*DB|&d;Директор
Белов ;Геласий;Серапионович;loginDEuzv2018;|6J|mm;Менеджер
Уваров ;Руслан;Иринеевич;loginDEyaa2018;8}w*yf;Заказчик
Сафонов ;Станислав;Григорьевич;loginDEgpt2018;Gao1gX;Заказчик
Игнатьев ;Алексей;Вадимович;loginDEojz2018;N50|5T;Директор
Елисеев ;Евсей;Борисович;loginDEzqo2018;HHG+eY;Заместитель директора
Воронцов ;Валерьян;Даниилович;loginDEkfs2018;q}b+Tf;Заместитель директора
Князев ;Егор;Донатович;loginDEqql2018;QHE5zz;Мастер
Ковалёва ;Мария;Максимовна;loginDEmjf2018;p+u{vH;Менеджер
Авдеев ;Константин;Станиславович;loginDEjjx2018;DP|ubQ;Директор
Семёнова ;Жанна;Онисимовна;loginDEtch2018;TsU4a5;Директор
Устинова ;Милица;Георгьевна;loginDEpll2018;J9pnJW;Мастер
Исаева ;Елена;Валерьяновна;loginDEqcb2018;oMOLh+;Директор
Сорокин ;Лаврентий;Аркадьевич;loginDEivc2018;Ci52qh;Заместитель директора
Наумова ;Пелагея;Лукьяновна;loginDEybw2018;d+t136;Заместитель директора
Фадеев ;Христофор;Вячеславович;loginDEtqn2018;IdjLc2;Менеджер
Блохин ;Богдан;Улебович;loginDEtby2018;36YniT;Заместитель директора
Громова ;Фаина;Лаврентьевна;loginDEnrq2018;pn{5RN;Директор
Зыков ;Богдан;Леонидович;loginDEill2018;5c|dSJ;Заказчик
Савельева ;Прасковья;Георгьевна;loginDErzp2018;W6rx|w;Заместитель директора
Петухова ;Элеонора;Ильяовна;loginDEjgq2018;gJEYkn;Мастер
Морозова ;Клавдия;Святославовна;loginDEbho2018;AFvMyh;Мастер
Колесников ;Пантелеймон;Якунович;loginDErvi2018;|9LJNA;Директор
Орехова ;Агафья;Пантелеймоновна;loginDEifv2018;V61gmp;Мастер
Фадеев ;Виталий;Анатольевич;loginDEqkn2018;KdU6uK;Заказчик
Блинова ;Прасковья;Агафоновна;loginDExbf2018;Vl9R|I;Заказчик
Игнатова ;Нинель;Лаврентьевна;loginDEwkl2018;415qNv;Заместитель директора
Савин ;Донат;Ярославович;loginDEqwd2018;Ix4V{i;Менеджер
Романов ;Аристарх;Ильяович;loginDEjno2018;kuLGGL;Директор
Мишин ;Эдуард;Фёдорович;loginDEpgp2018;q|Ov9c;Заместитель директора
Макарова ;Маргарита;Всеволодовна;loginDEwua2018;*tyvel;Менеджер
Носкова ;Нинель;Иринеевна;loginDExdd2018;rp22fO;Директор
Суворов ;Егор;Гордеевич;loginDEmom2018;0gSoaA;Заказчик
Савельева ;Олимпиада;Данииловна;loginDEfxd2018;uZm+f6;Мастер
Ершова ;Василиса;Ярославовна;loginDEfiy2018;nBm{qt;Заместитель директора
Антонов ;Андрей;Георгьевич;loginDEnxj2018;Y+Yif+;Менеджер
Ефимова ;Ираида;Митрофановна;loginDEcbu2018;zLj0GQ;Менеджер
Субботин ;Максим;Георгьевич;loginDExbv2018;71t|e{;Заказчик
Тетерин ;Христофор;Степанович;loginDEwcj2018;AMXhqA;Мастер
Абрамов ;Игорь;Семёнович;loginDEsmd2018;ZWSZHe;Менеджер
Казаков ;Онисим;Анатольевич;loginDEtug2018;b{7&Zf;Директор
Нестеров ;Андрей;Даниилович;loginDEcsu2018;HOFZa6;Заместитель директора
Медведев ;Эдуард;Антонович;loginDEfse2018;axoHxw;Директор
Логинова ;Элеонора;Дмитрьевна;loginDEgcl2018;swu*ZT;Мастер
Сергеев ;Георгий;Кимович;loginDEmzj2018;crY1JZ;Заместитель директора
Медведьев ;Федосей;Агафонович;loginDEvut2018;Y7Mm*Y;Директор
Ширяева ;Наина;Васильевна;loginDEwkn2018;2*lKn+;Мастер
Кузьмина ;Лукия;Авдеевна;loginDEbwn2018;rr&WdV;Заместитель директора
Шестакова ;Иванна;Ярославовна;loginDEzgc2018;UHIU&T;Заместитель директора
Соболев ;Даниил;Николаевич;loginDEzta2018;cMVEpF;Менеджер
Петрова ;Агафья;Константиновна;loginDEsld2018;s1Ndyp;Менеджер
Кудрявцев ;Евгений;Александрович;loginDEvgu2018;m8VeJw;Менеджер
Хохлов ;Семён;Авдеевич;loginDEqbh2018;GZq4nd;Заместитель директора
Нестеров ;Анатолий;Донатович;loginDEokf2018;X3+RZ0;Директор
Киселёв ;Анатолий;Альвианович;loginDEcbi2018;UrluYp;Мастер
Нестеров ;Анатолий;Павлович;loginDEgza2018;PXAA7c;Менеджер
Рогов ;Никита;Вячеславович;loginDEswq2018;Rm&++t;Менеджер
Пестов ;Николай;Константинович;loginDEqxo2018;8iqEG*;Директор
Сергеева ;Зоя;Пётровна;loginDEguz2018;7wsWd4;Мастер
Матвиенко ;Фаина;Демьяновна;loginDEaro2018;LE}Woo;Заместитель директора
Кулаков ;Авдей;Донатович;loginDEaea2018;OQ8Kfz;Заказчик
Дмитриев ;Владислав;Аркадьевич;loginDEzhp2018;16+8Jh;Заказчик
Шестакова ;Евдокия;Авксентьевна;loginDEtzs2018;D9G6j1;Директор
Блинов ;Мэлор;Ильяович;loginDEvem2018;HiD*0c;Директор
Щукин ;Федосей;Павлович;loginDEvzy2018;T5Qaaa;Заказчик
Русаков ;Всеволод;Игнатьевич;loginDErjn2018;5FMXpr;Мастер
Субботина ;Оксана;Геннадьевна;loginDEiam2018;b+*n+0;Мастер
Дорофеева ;Надежда;Богдановна;loginDEyff2018;LB&hR+;Заместитель директора
Щукина ;Надежда;Германновна;loginDEykt2018;XQlo|S;Директор
Моисеева ;Надежда;Протасьевна;loginDEcpb2018;|Be{Wn;Директор
Козлова ;Мария;Валерьяновна;loginDEkww2018;KzFIWJ;Заказчик
Трофимова ;Наталья;Семёновна;loginDEldo2018;oWfgBB;Менеджер
Ефремов ;Дамир;Яковович;loginDExhi2018;l6eiog;Заказчик
Нестерова ;Алина;Ростиславовна;loginDEltt2018;vJCz+l;Директор
Лазарев ;Святослав;Олегович;loginDEaim2018;HdgRJI;Мастер
Поляков ;Мэлор;Геннадьевич;loginDEndh2018;JUYAwS;Менеджер
Молчанов ;Лукий;Митрофанович;loginDEpvn2018;v18sXi;Заказчик
Семёнова ;Алина;Эдуардовна;loginDEcxl2018;2ToouN;Мастер
Николаев ;Руслан;Варламович;loginDEclw2018;h5Q{Nx;Заместитель директора
Костин ;Андрей;Иринеевич;loginDEwik2018;DS{WpL;Директор
Карпов ;Артём;Кимович;loginDEjyb2018;om9BwD;Заказчик
Орехова ;Мария;Станиславовна;loginDEndc2018;r3RSO9;Директор
Зуев ;Глеб;Игнатьевич;loginDEjhx2018;cQlCrZ;Заместитель директора
Аксёнова ;Нинель;Кондратовна;loginDEqjm2018;thu8kK;Заместитель директора
Никитин ;Аркадий;Дмитрьевич;loginDElag2018;NupBH|;Заказчик
Тетерин ;Ириней;Викторович;loginDEsct2018;1j*J8T;Мастер
Дорофеев ;Александр;Авдеевич;loginDEvoe2018;zC6|UG;Менеджер
Стрелков ;Борис;Альбертович;loginDEklg2018;l9|xfT;Менеджер
Уваров ;Макар;Юрьевич;loginDEpzs2018;AVm+Oj;Мастер
Андреева ;Ульяна;Евгеньевна;loginDEala2018;46+ORY;Заместитель директора
Кулагин ;Матвей;Якунович;loginDEheo2018;XiJmr9;Мастер
Ершова ;Элеонора;Ивановна;loginDEzyn2018;TSGsPV;Заказчик
Васильев ;Роман;Матвеевич;loginDEbir2018;ww9{S1;Менеджер
Воронцова ;Наина;Юрьевна;loginDEhmv2018;KE6+sS;Мастер
Ковалёв ;Аристарх;Егорович;loginDEldj2018;kZwuDV;Менеджер
Ермаков ;Авдей;Валентинович;loginDEqph2018;8OJ1yJ;Заказчик
Никонов ;Игорь;Мстиславович;loginDEuyn2018;kSOtL9;Мастер
Князев ;Дамир;Валерьевич;loginDEfyh2018;04JQix;Директор
Фокин ;Бронислав;Иванович;loginDEcvs2018;H*OqOg;Заказчик
Сысоев ;Даниил;Даниилович;loginDEqok2018;kZ6|yS;Заказчик
Мельникова ;Оксана;Валентиновна;loginDEkvs2018;0GeIOP;Директор
Громов ;Богдан;Максимович;loginDEytr2018;|vfIq2;Мастер
Фомин ;Владимир;Игнатьевич;loginDExid2018;FywuoL;Директор
Соколова ;Екатерина;Руслановна;loginDEzxk2018;}+j40i;Заместитель директора
Лыткина ;Милица;Вячеславовна;loginDEjtd2018;ODotUj;Мастер
Панов ;Пётр;Пётрович;loginDEmyz2018;gKQ4r+;Менеджер
Агафонов ;Егор;Еремеевич;loginDEuvg2018;}rhenI;Директор
Казаков ;Виктор;Аркадьевич;loginDEajx2018;TaE4Dg;Менеджер
Дроздов ;Борис;Мэлорович;loginDEigl2018;L2J*KI;Заместитель директора
Игнатьев ;Авксентий;Германович;loginDEoxo2018;f}*V{M;Менеджер
Медведьев ;Николай;Мстиславович;loginDEvhm2018;DT}WrU;Заказчик
Медведева ;Ирина;Валентиновна;loginDEvys2018;CxXb+r;Заказчик
Никонов ;Виктор;Русланович;loginDEpjw2018;T*wJeK;Менеджер
Коновалов ;Владлен;Юрьевич;loginDElxp2018;vKdJGk;Заказчик
Алексеев ;Виктор;Васильевич;loginDExfm2018;mh6|JS;Заказчик
Суворова ;Алина;Антоновна;loginDEcxr2018;HCt|N1;Мастер
Жуков ;Игнатий;Семёнович;loginDEuqk2018;3vE*Fb;Директор
Терентьева ;Анна;Дамировна;loginDExeb2018;Oa}fkk;Заместитель директора
Беспалов ;Григорий;Христофорович;loginDEmri2018;s*YXSm;Мастер
Ермакова ;Лидия;Григорьевна;loginDEvmr2018;t6aouh;Заказчик
Стрелкова ;Лариса;Варламовна;loginDEtyn2018;8qte+l;Заказчик
Костина ;Юлия;Дмитрьевна;loginDEqqw2018;qlJ6vk;Мастер
Шарапова ;Марина;Павловна;loginDEkjs2018;A8K6dL;Мастер
Евдокимов ;Геннадий;Макарович;loginDEvmb2018;TY5Gd5;Заместитель директора
Моисеев ;Лукьян;Вадимович;loginDErbm2018;D6SSd+;Директор
Якушева ;Лукия;Васильевна;loginDEoez2018;j7qgHy;Мастер
Меркушев ;Альберт;Яковович;loginDEvij2018;7hn2va;Заместитель директора
Вишнякова ;Ирина;Агафоновна;loginDEjgh2018;7w4c6u;Менеджер
Медведева ;Валентина;Никитевна;loginDEsrr2018;0fO0YH;Менеджер
Кудрявцев ;Дамир;Эдуардович;loginDEocb2018;6oLNd{;Заказчик
Беляков ;Владислав;Богданович;loginDEpmv2018;kjE3El;Менеджер
Мамонтова ;Ия;Лукьяновна;loginDEjov2018;zS&ClK;Заместитель директора
Цветкова ;Алина;Улебовна;loginDEafs2018;Wiw0VR;Менеджер
Максимов ;Донат;Игнатьевич;loginDEiky2018;G&fF7n;Заместитель директора
Беспалова ;Надежда;Владимировна;loginDEoyu2018;}*E9Se;Заказчик
Воробьёва ;Евпраксия;Ильяовна;loginDEcpi2018;8lSh*o;Заместитель директора
Миронова ;Глафира;Сергеевна;loginDEjqp2018;zTKmDa;Заместитель директора
Тимофеев ;Фёдор;Валентинович;loginDEhnh2018;m0WYQH;Заместитель директора
Ефимова ;Дарья;Всеволодовна;loginDEuvi2018;U0W&Z&;Заказчик
Семёнова ;Марина;Юрьевна;loginDEuug2018;aHl3qb;Директор
Смирнов ;Мэлор;Кондратович;loginDErmf2018;U4jeNa;Мастер
Пономарёв ;Владлен;Протасьевич;loginDEhnt2018;3X5|Jy;Заказчик
Вишняков ;Никита;Семёнович;loginDEuvr2018;wu8lYK;Директор
Ларионова ;Антонина;Игнатьевна;loginDEpsb2018;{O|F*N;Директор
Пономарёв ;Христофор;Русланович;loginDEher2018;cTlCHC;Заказчик
Воронова ;Алла;Юлиановна;loginDEyzh2018;8m6+}r;Директор
Сергеева ;Таисия;Альвиановна;loginDElvm2018;elWeXR;Директор
Смирнов ;Евсей;Сергеевич;loginDEron2018;ywlASa;Заместитель директора
Данилова ;Ангелина;Аркадьевна;loginDEbzh2018;ysac1M;Заместитель директора
Лобанова ;Галина;Демьяновна;loginDEnmc2018;X40l}h;Менеджер
Горшкова ;Евгения;Васильевна;loginDEypj2018;2*3jan;Мастер
Зайцева ;Октябрина;Станиславовна;loginDEwvg2018;XcZ4xF;Заместитель директора
Шарапова ;Глафира;Мстиславовна;loginDElqo2018;TiSXX{;Заместитель директора
Кулагин ;Мстислав;Пётрович;loginDErhy2018;yQl65Q;Заместитель директора
Сорокин ;Сергей;Олегович;loginDEoqc2018;*Cm6gW;Менеджер
Кондратьев ;Альвиан;Протасьевич;loginDEskh2018;X{x9ae;Директор
Сысоев ;Анатолий;Арсеньевич;loginDEvkg2018;tzCLIX;Заказчик
Иванов ;Антон;Степанович;loginDEpnq2018;D69F&h;Директор
Попов ;Илья;Филатович;loginDEyza2018;CsA9|P;Мастер
Захарова ;Маргарита;Авксентьевна;loginDEiai2018;OPjijt;Заместитель директора
Моисеев ;Лукий;Борисович;loginDEbsc2018;myJPKm;Директор
Одинцов ;Никита;Игоревич;loginDExsn2018;lY3vnH;Мастер
Игнатов ;Демьян;Матвеевич;loginDEnnv2018;rITdxe;Заказчик
Щербакова ;Октябрина;Евгеньевна;loginDEqwh2018;yBJ1BR;Мастер
Баранов ;Андрей;Евсеевич;loginDEqdb2018;&S*k|o;Заместитель директора
Самойлов ;Агафон;Юлианович;loginDExdk2018;qZhYRF;Директор
Кабанова ;Таисия;Донатовна;loginDEgwd2018;AVPVNQ;Менеджер
Евсеева ;Тамара;Эдуардовна;loginDExvb2018;QC7KQ0;Менеджер
Лапина ;Фёкла;Мстиславовна;loginDEdhh2018;WpZhYf;Заказчик
Дроздов ;Владислав;Эдуардович;loginDErhx2018;iCAe1v;Директор
Орехова ;Ираида;Николаевна;loginDEenm2018;2s1Lxh;Менеджер
Брагина ;Анастасия;Кимовна;loginDEwqd2018;MF2TkC;Мастер
Большаков ;Лаврентий;Валерьевич;loginDEwom2018;fU+Q0O;Заказчик
Меркушева ;Евдокия;Кимовна;loginDEngr2018;yxoNp;Заказчик
Быкова ;Надежда;Авксентьевна;loginDEjpa2018;cagBg7;Директор
Бурова ;Екатерина;Ефимовна;loginDEpgx2018;c**OJQ;Мастер
Беспалов ;Михаил;Фёдорович;loginDEnng2018;E{1p}t;Заказчик
Марков ;Вячеслав;Владимирович;loginDEtmh2018;ZQ2*|q;Мастер
Дорофеева ;Марина;Никитевна;loginDEcbm2018;puJ4i1;Директор
Блохин ;Парфений;Владленович;loginDEfae2018;pa&d4a;Мастер
Самсонов ;Альвиан;Игнатьевич;loginDEqzo2018;Gy3lzx;Менеджер
Орехова ;Наина;Кондратовна;loginDEcan2018;SZKNx{;Мастер
Борисов ;Геннадий;Вячеславович;loginDEobl2018;K+rV}b;Директор
Афанасьев ;Владлен;Евгеньевич;loginDEeyg2018;TOcMjG;Заместитель директора
Колобова ;Алина;Парфеньевна;loginDEdld2018;6OKEWQ;Директор
Туров ;Христофор;Филатович;loginDErvs2018;V7Rly7;Менеджер
Мартынов ;Олег;Олегович;loginDEpux2018;NrtA{k;Мастер
Давыдова ;Елена;Георгьевна;loginDEgwm2018;S2JKft;Мастер
Лапин ;Павел;Макарович;loginDEecp2018;iOJ*u2;Директор
Громова ;Ульяна;Егоровна;loginDEvbv2018;4X6wL5;Заместитель директора
Нестерова ;Нина;Юрьевна;loginDErxe2018;0egZd8;Директор
Захаров ;Фёдор;Викторович;loginDEart2018;hnNvJ6;Заместитель директора
Артемьева ;Вероника;Улебовна;loginDEqwf2018;YD3ird;Менеджер
Зайцев ;Аристарх;Егорович;loginDEszy2018;nq+dxM;Директор
Галкин ;Авксентий;Ильяович;loginDEbvt2018;dQdmQF;Менеджер
Матвеев ;Павел;Еремеевич;loginDEkws2018;fZj28G;Директор
Ершов ;Федосей;Геласьевич;loginDEizo2018;0wQJ2L;Менеджер
Гущина ;Нонна;Ефимовна;loginDEnnf2018;z|t5P{;Мастер
Матвеев ;Яков;Христофорович;loginDEcpv2018;|titk+;Директор
Рожкова ;Пелагея;Геннадьевна;loginDEnsx2018;czRSi3;Заказчик
Щербакова ;Агата;Матвеевна;loginDEazz2018;uhLV9n;Мастер
Александрова ;Иванна;Лаврентьевна;loginDEjkw2018;8I8Yk1;Заместитель директора
Моисеев ;Фёдор;Мэлсович;loginDEtri2018;0VC{f|;Менеджер
Трофимов ;Ярослав;Валентинович;loginDEdlw2018;4tyo1M;Заказчик
Кондратьев ;Аркадий;Михаилович;loginDEght2018;E3k7zP;Заместитель директора
Мартынов ;Матвей;Антонович;loginDEhzq2018;QhSJos;Мастер
Лыткин ;Сергей;Агафонович;loginDEwia2018;qVG5zl;Заместитель директора
Тимофеев ;Федот;Германнович;loginDEwmh2018;YTtWqJ;Заказчик
Евсеева ;Ксения;Георгьевна;loginDEndq2018;cv7LdO;Заказчик
Гришина ;Глафира;Мэлсовна;loginDErid2018;vMG+ko;Директор
Фёдоров ;Аркадий;Николаевич;loginDExxh2018;UgbzHK;Заместитель директора
Гурьев ;Пётр;Федотович;loginDEwoz2018;vAuXEx;Заказчик
Марков ;Александр;Созонович;loginDEdjc2018;x*slLs;Заместитель директора
Попов ;Фрол;Серапионович;loginDEgzq2018;FwZalk;Заместитель директора
Жуков ;Тихон;Германович;loginDEefa2018;O6TkFS;Директор
Самсонова ;Феврония;Арсеньевна;loginDEcdn2018;1MtIz};Заместитель директора
Попова ;Татьяна;Артёмовна;loginDEgwc2018;zWQpyU;Заказчик
Богданов ;Егор;Андреевич;loginDEefc2018;Zaj{+Y;Менеджер
Третьяков ;Аристарх;Геннадьевич;loginDEjef2018;J+F{R1;Менеджер
Вишнякова ;Людмила;Евгеньевна;loginDEpib2018;VeJY8o;Директор
Горшкова ;Полина;Якововна;loginDEekp2018;wvC|+L;Директор
Соболева ;Валентина;Созоновна;loginDEjzb2018;lRjz+1;Мастер
Ковалёва ;Феврония;Всеволодовна;loginDEdqb2018;w+Sx*+;Директор
Ковалёва ;Викторовна;Всеволодовна;loginDEptn2018;NXXNVO;Заместитель директора
Евсеев ;Денис;Борисович;loginDEcna2018;c4RbaU;Заместитель директора
Степанов ;Виталий;Лукьевич;loginDEdrj2018;eD*hjv;Заказчик
Никифоров ;Всеволод;Иванович;loginDEjrm2018;Cpb+Im;Мастер
Воронов ;Донат;Никитевич;loginDEpxl2018;P6h4Jq;Менеджер
Игнатьева ;Евгения;Валентиновна;loginDEwgk2018;&mfI9l;Мастер
Буров ;Федот;Егорович;loginDEpou2018;gX3f5Z;Заместитель директора
Семёновна;Ирина;Дмитриевна;loginDEjwl2018;D4ZYHt;Заказчик
Денисов ;Дамир;Филатович;loginDEabf2018;*Tasm+;Заместитель директора
Ершов ;Максим;Геласьевич;loginDEwjm2018;k}DJKo;Заместитель директора
Копылов ;Куприян;Пётрович;loginDEjvz2018;&|bGTy;Директор
Носов ;Валерьян;Дмитрьевич;loginDEuyv2018;8hhrZ};Заказчик
Силин ;Игорь;Авдеевич;loginDExdm2018;DH68L9;Заместитель директора
Дроздова ;Александра;Мартыновна;loginDEeiv2018;H*BxlS;Менеджер
Дроздов ;Аркадий;Геласьевич;loginDEfuc2018;VuM+QT;Директор
Боброва ;Варвара;Евсеевна;loginDEoot2018;usi{aT;Мастер
Чернова ;Агата;Данииловна;loginDElhk2018;Okk0jY;Заказчик
Лыткина ;Ульяна;Станиславовна;loginDEazg2018;s3bb|V;Директор
Лаврентьев ;Леонид;Игнатьевич;loginDEaba2018;gLxUB;Заместитель директора
Кулаков ;Юрий;Владленович;loginDEtco2018;tTKDJB;Мастер
Соловьёв ;Андрей;Александрович;loginDEsyq2018;2QbpBN;Менеджер
Корнилова ;Марфа;Макаровна;loginDEpxi2018;+5X&hy;Заместитель директора
Белоусова ;Любовь;Георгьевна;loginDEicr2018;3+|Sn{;Заместитель директора
Анисимов ;Никита;Гордеевич;loginDEcui2018;Zi1Tth;Менеджер
Стрелкова ;Фаина;Федосеевна;loginDEpxc2018;G+nFsv;Директор
Осипов ;Евгений;Иванович;loginDEqrd2018;sApUbt;Менеджер
Владимирова ;Иванна;Павловна;loginDEsso2018;LHGST;Директор
Кудрявцева ;Жанна;Демьяновна;loginDErsy2018;{Aa6nS;Заместитель директора
Матвиенко ;Яков;Брониславович;loginDEvpz2018;mS0UxK;Мастер
Селезнёв ;Егор;Артёмович;loginDEfog2018;glICay;Директор
Брагин ;Куприян;Митрофанович;loginDEpii2018;Ob}RZB;Заместитель директора
Гордеев ;Виктор;Эдуардович;loginDEhyk2018;*gN}Tc;Директор
Мартынов ;Онисим;Брониславович;loginDEdxi2018;ywLUbA;Заместитель директора
Никонова ;Евгения;Павловна;loginDEzro2018;B24s6o;Заместитель директора
Полякова ;Анна;Денисовна;loginDEuxg2018;K8jui7;Директор
Макарова ;Пелагея;Антониновна;loginDEllw2018;jNtNUr;Заказчик
Андреева ;Анна;Вячеславовна;loginDEddg2018;gGGhvD;Заказчик
Кудрявцева ;Кира;Ефимовна;loginDEpdz2018;XZKSw;Заказчик
Шилова ;Кира;Егоровна;loginDEyiw2018;cnj3QR;Менеджер
Ситников ;Игорь;Борисович;loginDEqup2018;95AU|R;Менеджер
Русаков ;Борис;Христофорович;loginDExil2018;w+++Ht;Заказчик
Капустина ;Ульяна;Игоревна;loginDEkuv2018;Ade++|;Заместитель директора
Беляков ;Семён;Германнович;loginDEmox2018;Je}9e7;Менеджер
Гурьев ;Ириней;Игнатьевич;loginDEvug2018;lEa{Cn;Мастер
Мишин ;Христофор;Леонидович;loginDEzre2018;N*VX+G;Заказчик
Лазарева ;Антонина;Христофоровна;loginDEbes2018;NaVtyH;Директор
Маркова ;Ираида;Сергеевна;loginDEkfg2018;r1060q;Заместитель директора
Носкова ;Пелагея;Валерьевна;loginDEyek2018;KY2BL4;Мастер
Баранов ;Станислав;Дмитрьевич;loginDEloq2018;NZV5WR;Мастер
Ефремов ;Демьян;Артёмович;loginDEjfb2018;TNT+}h;Директор
Константинов ;Всеволод;Мэлсович;loginDEueq2018;GqAUZ6;Мастер
Ситникова ;Ираида;Андреевна;loginDEpqz2018;F0Bp7F;Заказчик
Матвеев ;Кондрат;Иванович;loginDEovk2018;JyJM{A;Директор
Носков ;Альвиан;Онисимович;loginDEhej2018;K9Z5Vp;Мастер
Степанова ;Любовь;Мэлсовна;loginDEqrj2018;PC2nrX;Менеджер
Кононов ;Авдей;Протасьевич;loginDEqca2018;hLEkgV;Заказчик
Ларионов ;Макар;Якунович;loginDElme2018;|wu0n4;Заказчик
Пахомова ;Эмилия;Геласьевна;loginDEfnf2018;6cftrw;Заказчик
Сысоев ;Виктор;Варламович;loginDEpbt2018;}}vuSH;Заказчик
Денисова ;Ия;Филатовна;loginDEhdc2018;iF+GK&;Заказчик
Лобанова ;Акулина;Игоревна;loginDEcox2018;y+vRV{;Менеджер
Жуков ;Максим;Николаевич;loginDEsds2018;SxMndn;Заказчик
Александрова ;Анжелика;Евгеньевна;loginDEbye2018;sHjuzU;Заказчик
Коновалов ;Игнатий;Юлианович;loginDEakk2018;f5aZnV;Директор
Михайлов ;Ростислав;Вадимович;loginDEmrf2018;uEB&n4;Директор
Шаров ;Герман;Митрофанович;loginDEyje2018;zxEUoz;Менеджер
Воронцова ;Нонна;Дмитрьевна;loginDEhqg2018;0Z4{o3;Заказчик
Хохлова ;Мария;Тихоновна;loginDExyv2018;wSMsO2;Заказчик
Уваров ;Федосей;Донатович;loginDEwoq2018;0RQ1nZ;Директор
Андреева ;Нина;Михаиловна;loginDEkbf2018;mBqfYS;Менеджер
Новиков ;Николай;Мэлсович;loginDEwtx2018;Ig3rQJ;Менеджер
Жданова ;Анна;Еремеевна;loginDEhio2018;3Aaqne;Мастер
Егорова ;Фёкла;Кондратовна;loginDEome2018;hAOrBa;Заказчик
Зиновьев ;Лукий;Владимирович;loginDEflj2018;alo84u;Заказчик
Пахомов ;Протасий;Артёмович;loginDEnei2018;M2pIA8;Заказчик
Рожков ;Дамир;Ростиславович;loginDEzbo2018;8km&kZ;Мастер
Наумова ;Лариса;Антоновна;loginDEsdu2018;}MbQZe;Менеджер
Кузьмин ;Максим;Антонинович;loginDEklp2018;kecK{O;Директор
Беспалов ;Демьян;Алексеевич;loginDEzdc2018;Zf8mx0;Заместитель директора
Суханов ;Мартын;Глебович;loginDEkzp2018;G*n9OB;Директор
Сергеев ;Никита;Валентинович;loginDEdqe2018;Gzy&A6;Директор
Пахомова ;Тамара;Владиславовна;loginDElmm2018;dbX7VE;Менеджер
Герасимов ;Демьян;Никитевич;loginDEnhf2018;PlKjdc;Заместитель директора
Гришина ;Феврония;Егоровна;loginDEcrj2018;FI&nQq;Директор
Козлова ;Вера;Георгьевна;loginDExhd2018;8sE1Q5;Мастер
Лазарева ;Мария;Сергеевна;loginDEgcs2018;hNDB+t;Заместитель директора
Медведьев ;Василий;Варламович;loginDEmub2018;RDXGd1;Директор
Орлов ;Виктор;Павлович;loginDEqms2018;|uq7Lb;Мастер
Журавлёв ;Агафон;Мэлсович;loginDEvqe2018;wJzfcY;Заказчик
Тимофеев ;Мартын;Еремеевич;loginDEupi2018;WNX1|z;Заказчик
Ларионов ;Мартын;Геласьевич;loginDEwka2018;y}vBjg;Менеджер
Белозёров ;Андрей;Николаевич;loginDEkkb2018;zE&cU;Заместитель директора
Пономарёв ;Дмитрий;Гордеевич;loginDEeni2018;mpWg+d;Заказчик
Белозёрова ;Юлия;Ростиславовна;loginDEset2018;CTN+IM;Мастер
Щербаков ;Александр;Федотович;loginDEmii2018;B84UwV;Менеджер
Артемьев ;Даниил;Филатович;loginDEikh2018;3yKW4y;Директор
Зиновьев ;Дамир;Ефимович;loginDEaqv2018;nl0D9i;Заказчик
Туров ;Лукий;Альбертович;loginDErgc2018;Hr9YpQ;Заказчик
Смирнова ;Мария;Иринеевна;loginDEntg2018;pVmHC0;Директор
Крюкова ;Октябрина;Геннадьевна;loginDEbuk2018;gLK7UQ;Директор
Медведева ;Мария;Антониновна;loginDEsib2018;pM3n0J;Менеджер
Назаров ;Степан;Макарович;loginDEmqs2018;KRp6IW;Мастер
Николаева ;Василиса;Всеволодовна;loginDEljn2018;368eRp;Мастер
Ефремов ;Сергей;Пантелеймонович;loginDEppn2018;6}i+FD;Мастер
Родионова ;Тамара;Валентиновна;loginDElqb2018;RNynil;Заказчик
Миронова ;Галина;Улебовна;loginDEydn2018;34I}X9;Заместитель директора
Сидоров ;Роман;Иринеевич;loginDEijg2018;4QlKJW;Заместитель директора
Ситников ;Парфений;Всеволодович;loginDEdpy2018;MJ0W|f;Директор
Никонов ;Роман;Геласьевич;loginDEwdm2018;&PynqU;Директор
Щербаков ;Владимир;Матвеевич;loginDEdup2018;JM+2{s;Директор
Кулаков ;Мартын;Михаилович;loginDEhbm2018;9aObu4;Заместитель директора
Сазонова ;Оксана;Лаврентьевна;loginDExvq2018;hX0wJz;Мастер
Архипов ;Варлам;Мэлорович;loginDErks2018;LQNSjo;Мастер
Устинова ;Ираида;Мэлоровна;loginDErvb2018;ceAf&R;Директор
Лукин ;Георгий;Альбертович;loginDEulo2018;d0+iV;Заказчик
Кононов ;Эдуард;Валентинович;loginDEgfw2018;3c2Ic1;Заказчик
Орехова ;Клавдия;Альбертовна;loginDEmxb2018;ZPXcRS;Мастер
Яковлев ;Яков;Эдуардович;loginDEgeq2018;&&Eim0;Директор
Воронов ;Мэлс;Семёнович;loginDEkhj2018;Pbc0t{;Заказчик
Вишнякова ;Ия;Данииловна;loginDEliu2018;32FyTl;Мастер
Третьяков ;Фёдор;Вадимович;loginDEsmf2018;{{O2QG;Заместитель директора
Макаров ;Максим;Ильяович;loginDEutd2018;GbcJvC;Заказчик
Шубина ;Маргарита;Анатольевна;loginDEpgh2018;YV2lvh;Заместитель директора
Блинова ;Ангелина;Владленовна;loginDEvop2018;pBP8rO;Заместитель директора
Воробьёв ;Владлен;Фролович;loginDEwjo2018;EQaD|d;Заместитель директора
Сорокина ;Прасковья;Фёдоровна;loginDEbur2018;aZKGeI;Директор
Давыдов ;Яков;Антонович;loginDEszw2018;EGU{YE;Менеджер
Рыбакова ;Евдокия;Анатольевна;loginDExsu2018;*2RMsp;Мастер
Маслов ;Геннадий;Фролович;loginDEztn2018;nJBZpU;Заказчик
Цветкова ;Элеонора;Аристарховна;loginDEtmn2018;UObB}N;Директор
Евдокимов ;Ростислав;Александрович;loginDEhep2018;SwRicr;Мастер
Никонова ;Венера;Станиславовна;loginDEevr2018;zO5l}l;Мастер
Громов ;Егор;Антонович;loginDEnpa2018;M*QLjf;Директор
Суворова ;Валерия;Борисовна;loginDEgyt2018;Pav+GP;Менеджер
Мишина ;Елизавета;Романовна;loginDEbrr2018;Z7L|+i;Заместитель директора
Зимина ;Ольга;Аркадьевна;loginDEyoo2018;UG1BjP;Заместитель директора
Игнатьев ;Игнатий;Антонинович;loginDEaob2018;3fy+3I;Заместитель директора
Пахомова ;Зинаида;Витальевна;loginDEwtz2018;&GxSST;Мастер
Устинов ;Владимир;Федосеевич;loginDEctf2018;sjt*3N;Заместитель директора
Кулаков ;Мэлор;Вячеславович;loginDEipm2018;MAZl6|;Заместитель директора
Сазонов ;Авксентий;Брониславович;loginDEjoi2018;o}C4jv;Заместитель директора
Бурова ;Наина;Брониславовна;loginDEwap2018;4hny7k;Директор
Фадеев ;Демьян;Федосеевич;loginDEaxm2018;BEc3xq;Заместитель директора
Бобылёва ;Дарья;Якуновна;loginDEsmq2018;ATVmM7;Директор
Виноградов ;Созон;Арсеньевич;loginDEeur2018;n4V{wP;Заместитель директора
Гордеев ;Владлен;Ефимович;loginDEvke2018;WQLXSl;Менеджер
Иванова ;Зинаида;Валерьевна;loginDEvod2018;0EW93v;Мастер
Гусев ;Руслан;Дамирович;loginDEjaw2018;h6z&Ky;Мастер
Маслов ;Дмитрий;Иванович;loginDEpdp2018;8NvRfC;Заместитель директора
Антонова ;Ульяна;Семёновна;loginDEjpp2018;oMOQq3;Заказчик
Орехова ;Людмила;Владимировна;loginDEkiy2018;BQzsts;Мастер
Авдеева ;Жанна;Куприяновна;loginDEhmn2018;a|Iz|7;Мастер
Кузнецов ;Фрол;Варламович;loginDEfmn2018;cw3|03;Менеджер
Лихачёв ;Онисим;Гордеевич;loginDErfg2018;5ovb1N;Заказчик
Рожков ;Тихон;Владиславович;loginDEymi2018;nR0+pI;Заместитель директора
Павлов ;Максим;Фёдорович;loginDEnbi2018;Ed*JQP;Мастер
Шилов ;Матвей;Альбертович;loginDEhvg2018;SaHv6w;Директор
Шаров ;Федосей;Юрьевич;loginDEmbg2018;Fou{d3;Мастер
Медведева ;Пелагея;Мартыновна;loginDEubq2018;{jzW2v;Мастер
Медведев ;Григорий;Агафонович;loginDEosl2018;O3O}we;Менеджер
Соколова ;Марфа;Всеволодовна;loginDErog2018;&W4Wtq;Менеджер
Петухова ;Василиса;Еремеевна;loginDEsku2018;fUldqr;Заместитель директора
Беспалова ;Галина;Дмитрьевна;loginDEatu2018;}nGbhZ;Заместитель директора
Андреева ;Александра;Владиславовна;loginDEhks2018;XV|+W4;Заказчик
Селезнёв ;Федот;Валентинович;loginDEzbl2018;ih4xKJ;Директор
Вишняков ;Сергей;Иванович;loginDEoxa2018;mL+97r;Мастер
Зимин ;Василий;Русланович;loginDEssm2018;oBrTGr;Заместитель директора
Фадеева ;Регина;Онисимовна;loginDEzxw2018;pX&AsH;Директор
Артемьев ;Варлам;Альбертович;loginDEkzo2018;n3es*S;Менеджер
Щербаков ;Лукий;Онисимович;loginDEdaq2018;dWsvBS;Заместитель директора
Горбунов ;Матвей;Сергеевич;loginDEnjd2018;0&3HHn;Менеджер
Зиновьева ;Варвара;Антоновна;loginDEluw2018;S3wj{I;Менеджер
Фролов ;Юрий;Варламович;loginDEole2018;p+kvb6;Заказчик
Ларионова ;Василиса;Владимировна;loginDEebl2018;t&bky;Заместитель директора
Силин ;Вячеслав;Валерьевич;loginDEfug2018;z|6cXV;Менеджер
Герасимова ;Феврония;Валерьяновна;loginDEgfx2018;GFSZAB;Директор
Пономарёва ;Вера;Руслановна;loginDEtww2018;4icZTg;Мастер
Медведьев ;Руслан;Богданович;loginDElyc2018;SJEpd;Менеджер
Владимиров ;Геласий;Пантелеймонович;loginDEcbd2018;GwG*p6;Директор
Корнилов ;Иван;Игоревич;loginDEcay2018;ehtG*H;Мастер
Корнилова ;Вера;Егоровна;loginDEmel2018;8zmoSV;Заместитель директора
Ермакова ;Зинаида;Данииловна;loginDEhqk2018;KBc4A+;Директор
Пахомова ;Элеонора;Григорьевна;loginDEkny2018;v2+4Ro;Директор
Гущина ;Вера;Ефимовна;loginDEmda2018;sG+NF0;Директор
Полякова ;Антонина;Андреевна;loginDEhhf2018;d+GS5y;Заместитель директора
Зуева ;Марина;Ильяовна;loginDEilc2018;eyRufZ;Заказчик
Агафонов ;Агафон;Максимович;loginDEwfv2018;ZSUiGT;Заместитель директора
Архипов ;Агафон;Игоревич;loginDEozn2018;nndP3Q;Директор
Лапина ;Иванна;Аристарховна;loginDEbtr2018;FdZrI3;Менеджер
Маслова ;Мария;Аристарховна;loginDEcuf2018;aOdzYf;Мастер
Русаков ;Василий;Куприянович;loginDEtye2018;MEJjQt;Заместитель директора
Николаева ;Евдокия;Пётровна;loginDEncq2018;GgG3m0;Мастер
Прохоров ;Олег;Брониславович;loginDEtmt2018;}FOh*};Заказчик
Зайцев ;Макар;Владленович;loginDEyqb2018;xLmuQq;Заказчик
Жданов ;Сергей;Гордеевич;loginDExld2018;a8Vjkx;Мастер
Нестеров ;Авдей;Митрофанович;loginDEnig2018;Cm00D0;Заказчик
Григорьева ;Глафира;Антоновна;loginDEmly2018;IZJ7O|;Менеджер
Зыков ;Геласий;Лаврентьевич;loginDElom2018;Yg}k84;Директор
Александрова ;Марфа;Протасьевна;loginDEvoa2018;RdGikC;Заместитель директора
Мухин ;Донат;Ростиславович;loginDEwmq2018;ds4KAb;Заказчик
Костин ;Геласий;Германнович;loginDEdba2018;D7xF6u;Заказчик
Лазарев ;Протасий;Игоревич;loginDEnsr2018;VZKTog;Заместитель директора
Пестов ;Богдан;Германнович;loginDEqsc2018;UU|FkZ;Заказчик
Алексеев ;Владислав;Аркадьевич;loginDEbct2018;Qg3gff;Директор
Савельева ;Евфросиния;Арсеньевна;loginDEvtg2018;ETMNzL;Мастер
Никонов ;Мэлс;Лукьевич;loginDEuro2018;a1MIcO;Менеджер
Горшкова ;Агафья;Онисимовна;loginDEpst2018;0CyGnX;Директор
Горбачёв ;Пантелеймон;Германович;loginDEpsu2018;Vx9cQ{;Менеджер
Ершова ;Иванна;Максимовна;loginDEzqs2018;qM9p7i;Заместитель директора
Туров ;Денис;Геласьевич;loginDEioe2018;yMPu&2;Мастер
Носова ;Наина;Эдуардовна;loginDEcmk2018;3f+b0+;Менеджер
Куликов ;Андрей;Святославович;loginDEfsp2018;&dtlI+;Директор
Нестеров ;Агафон;Георгьевич;loginDExcd2018;SZXZNL;Менеджер
Козлов ;Геласий;Христофорович;loginDEvlf2018;O5mXc2;Заказчик
Борисова ;Анжелика;Анатольевна;loginDEanv2018;Xiq}M3;Заместитель директора
Суханов ;Станислав;Фролович;loginDEzde2018;tlO3x&;Заказчик
Тетерина ;Феврония;Эдуардовна;loginDEriv2018;GJ2mHL;Менеджер
Муравьёва ;Александра;Ростиславовна;loginDEhcp2018;n2nfRl;Мастер
Новикова ;Лукия;Ярославовна;loginDEwjv2018;ZfseKA;Заказчик
Агафонова ;Лариса;Михаиловна;loginDEiry2018;5zu7+};Директор
Сергеева ;Агата;Юрьевна;loginDEgbr2018;}+Ex1*;Мастер
Колобова ;Елена;Евгеньевна;loginDExxv2018;+daE|T;Мастер
Ситников ;Николай;Филатович;loginDEbto2018;b1iYMI;Заказчик
Белов ;Роман;Иринеевич;loginDEfbs2018;v90Rep;Заместитель директора
Волкова ;Алла;Лукьевна;loginDEple2018;WlW+l8;Заместитель директора
Кудрявцева ;Таисия;Игоревна;loginDEhhx2018;hmCHeQ;Заместитель директора
Семёнова ;Октябрина;Христофоровна;loginDEayn2018;Ka2Fok;Мастер
Смирнов ;Сергей;Яковович;loginDEwld2018;y9HStF;Директор
Брагина ;Алина;Валерьевна;loginDEhuu2018;X31OEf;Заместитель директора
Евсеев ;Игорь;Донатович;loginDEmjb2018;5mm{ch;Директор
Суворов ;Илья;Евсеевич;loginDEdgp2018;1WfJjo;Мастер
Котов ;Денис;Мартынович;loginDEgyi2018;|7nYPc;Мастер
Бобылёва ;Юлия;Егоровна;loginDEmvn2018;Mrr9e0;Менеджер
Брагин ;Бронислав;Георгьевич;loginDEfoj2018;nhGc+D;Заказчик
Александров ;Владимир;Дамирович;loginDEuuo2018;42XmH1;Заместитель директора
Фокин ;Ириней;Ростиславович;loginDEhsj2018;s+jrMW;Директор
Воронов ;Митрофан;Антонович;loginDEvht2018;zMyS8Z;Мастер
Маслов ;Мстислав;Антонинович;loginDEeqo2018;l5CBqA;Заместитель директора
Щербаков ;Георгий;Богданович;loginDExrf2018;mhpRIT;Заместитель директора
Кириллова ;Эмилия;Федосеевна;loginDEfku2018;a1m+8c;Заказчик
Васильев ;Серапион;Макарович;loginDExix2018;hzxtnn;Мастер
Галкина ;Олимпиада;Владленовна;loginDEqrf2018;mI8n58;Мастер
Яковлева ;Ксения;Онисимовна;loginDEhlk2018;g0jSed;Заместитель директора
Калашникова ;Александра;Владимировна;loginDEwoe2018;yOtw2F;Мастер
Медведьева ;Таисия;Тихоновна;loginDExyu2018;7Fg}9p;Директор
Карпова ;Ольга;Лукьевна;loginDEcor2018;2cIrC8;Менеджер
Герасимов ;Мстислав;Дамирович;loginDEqon2018;YeFbh6;Заместитель директора
Тимофеева ;Ксения;Валерьевна;loginDEyfd2018;8aKdb0;Заместитель директора
Горбунов ;Вячеслав;Станиславович;loginDEtto2018;qXYDuu;Директор
Кошелева ;Кира;Владиславовна;loginDEdal2018;cJWXL0;Менеджер
Панфилова ;Марина;Борисовна;loginDEbjs2018;Xap2ct;Мастер
Кудрявцев ;Матвей;Игоревич;loginDEdof2018;kD|LRU;Заместитель директора
Зуев ;Эдуард;Пантелеймонович;loginDEsnh2018;axm5b;Заместитель директора
Герасимов ;Вячеслав;Ростиславович;loginDEftn2018;gPq+a};Мастер
Суворов ;Всеволод;Богданович;loginDEhuv2018;EJFYzS;Мастер
Ширяев ;Иван;Игоревич;loginDEfhd2018;{4wU7n;Заместитель директора
Колобова ;Иванна;Геннадьевна;loginDEaon2018;&OmaNE;Мастер
Шестаков ;Антон;Константинович;loginDEyat2018;ELSTyH;Директор
Игнатьев ;Федосей;Богданович;loginDEmin2018;pQ6jze;Заказчик
Горбунов ;Валентин;Григорьевич;loginDEzal2018;zbU8R5;Менеджер
Терентьева ;Анжела;Михаиловна;loginDEemw2018;NxhF5I;Директор
Мясникова ;Ия;Евсеевна;loginDEmqt2018;SIasu5;Заместитель директора
Горбунов ;Григорий;Денисович;loginDEpxx2018;Xv{vjN;Директор
Герасимов ;Олег;Авксентьевич;loginDEetv2018;lNi&rF;Заместитель директора
Меркушева ;Нинель;Матвеевна;loginDEonq2018;mKIIRQ;Менеджер
Степанов ;Григорий;Матвеевич;loginDErhl2018;U}rb9j;Заказчик
Агафонов ;Владлен;Станиславович;loginDEfou2018;O+S9hm;Заместитель директора
Кузнецов ;Фрол;Георгьевич;loginDElno2018;le1vt2;Заказчик
Игнатьев ;Борис;Владиславович;loginDEtbx2018;CQplH|;Мастер
Симонов ;Юрий;Созонович;loginDEltw2018;zvjkwE;Заказчик
Степанов ;Евсей;Федотович;loginDEfuz2018;ILry03;Мастер
Зыков ;Вячеслав;Антонович;loginDEygj2018;7b6PUb;Заместитель директора
Анисимова ;Алина;Протасьевна;loginDEwpn2018;9BBkXP;Мастер
Артемьева ;Лариса;Макаровна;loginDEyix2018;6zbXg*;Директор
Мамонтова ;Ия;Христофоровна;loginDEtms2018;70Z&Zy;Заместитель директора
Котова ;Светлана;Леонидовна;loginDEmgl2018;QJNgD&;Директор
Фёдорова ;Алла;Брониславовна;loginDEhix2018;ZKnd*0;Мастер
Гущина ;Анжела;Аркадьевна;loginDEwbk2018;iJMh5B;Заказчик
Дмитриев ;Григорий;Мэлорович;loginDEpwa2018;yn5MLQ;Заказчик
Дроздова ;Фёкла;Митрофановна;loginDElrx2018;lbX+dF;Мастер
Гаврилов ;Василий;Германович;loginDEidx2018;R2j0mn;Заказчик
Суханова ;Фаина;Юрьевна;loginDEzmk2018;ZrgBk6;Менеджер
Савельев ;Егор;Сергеевич;loginDEvje2018;gCU1fd;Менеджер
Иванова ;Фаина;Сергеевична;loginDEwun2018;yy+Qhe;Мастер
Сазонова ;Клавдия;Евгеньевна;loginDEfzq2018;36H8f};Заказчик
Шаров ;Григорий;Созонович;loginDEwel2018;UU5FTi;Директор
Щербаков ;Кондрат;Фёдорович;loginDEljg2018;CT44Gc;Заказчик
Дроздов ;Дмитрий;Юлианович;loginDEgsp2018;9ACW}r;Мастер
Молчанов ;Юрий;Лукьянович;loginDEjvp2018;etLGcB;Мастер
Тихонов ;Валентин;Авдеевич;loginDEapt2018;cwx{RH;Заказчик
Виноградов ;Юрий;Лукьевич;loginDEilb2018;IN2Ahc;Директор
Горбунова ;Нинель;Сергеевна;loginDErch2018;|&DFy+;Директор
Маслов ;Леонид;Николаевич;loginDEfwx2018;t|*wCk;Заказчик
Родионова ;Венера;Арсеньевна;loginDEggp2018;bBNxJb;Заказчик
Агафонов ;Пантелеймон;Гордеевич;loginDEbgb2018;VtmP58;Заказчик
Кудрявцев ;Гордей;Авксентьевич;loginDEnif2018;Nhj*t+;Заказчик
Лыткина ;Алевтина;Романовна;loginDEsvs2018;tLgPnC;Менеджер
Князев ;Геласий;Евсеевич;loginDEghx2018;gue+iw;Заместитель директора
Бирюкова ;Пелагея;Дмитрьевна;loginDElmy2018;X2LtuP;Мастер
Быков ;Лаврентий;Ярославович;loginDEevd2018;GMbcZN;Мастер
Воронов ;Олег;Яковович;loginDEodd2018;s2|Eb1;Директор
Богданова ;Марфа;Владимировна;loginDEmrj2018;blrD&8;Заместитель директора
Беляев ;Донат;Агафонович;loginDEyct2018;uD+|Ud;Менеджер
Константинова ;Вероника;Агафоновна;loginDEsgg2018;qhgYnW;Директор
Меркушев ;Мартын;Федотович;loginDEdcd2018;LxR6YI;Заместитель директора
Казаков ;Федот;Кондратович;loginDEisg2018;Cp8ddU;Мастер
Карпов ;Улеб;Леонидович;loginDEcph2018;7YpE0p;Заказчик
Королёв ;Матвей;Вадимович;loginDEgco2018;nMr|ss;Заказчик
Юдин ;Герман;Кондратович;loginDEwjg2018;9UfqWQ;Заместитель директора
Беляева ;Анна;Вячеславовна;loginDEjbz2018;xIAWNI;Заказчик
Беляев ;Олег;Валентинович;loginDEmgu2018;0gC3bk;Заказчик
Семёнов ;Герман;Дмитрьевич;loginDErdg2018;ni0ue0;Мастер
Шестаков ;Илья;Антонинович;loginDEjtv2018;f2ZaN6;Мастер
Власов ;Вадим;Васильевич;loginDEtfj2018;{{ksPn;Заказчик
Савельев ;Арсений;Авксентьевич;loginDEpnb2018;{ADBdc;Заказчик
Ефимов ;Руслан;Якунович;loginDEzer2018;5&R+zs;Директор
Бурова ;Марфа;Федотовна;loginDEiin2018;y9l*b};Мастер
Селезнёв ;Александр;Никитевич;loginDEqda2018;|h+r}I;Заказчик
Кулакова ;Виктория;Георгьевна;loginDEbnj2018;SW2I3;Директор
Дорофеева ;Кира;Демьяновна;loginDEqte2018;dC8bDI;Заказчик
Сафонова ;Нинель;Якововна;loginDEfeo2018;8cI7vq;Менеджер
Ситникова ;София;Лукьевна;loginDEvni2018;e4pVIv;Заместитель директора
Медведев ;Ириней;Геннадьевич;loginDEjis2018;A9K++2;Менеджер
Суханова ;Евгения;Улебовна;loginDExvv2018;R1zh}|;Заместитель директора
Игнатьев ;Владлен;Дамирович;loginDEadl2018;F&IWf4;Заказчик
Ефремов ;Христофор;Владиславович;loginDEyzn2018;P1v24R;Заместитель директора
Кошелев ;Ростислав;Куприянович;loginDEphn2018;F}jGsJ;Менеджер
Галкина ;Тамара;Авксентьевна;loginDEdvk2018;NKNkup;Менеджер
Журавлёва ;Вера;Арсеньевна;loginDEtld2018;c+CECK;Менеджер
Савина ;Таисия;Глебовна;loginDEima2018;XK3sOA;Менеджер
Иванов ;Яков;Мэлорович;loginDEyfe2018;4Bbzpa;Заместитель директора
Лыткин ;Ким;Алексеевич;loginDEwqc2018;vRtAP*;Директор
Логинов ;Федот;Святославович;loginDEgtt2018;7YD|BR;Заказчик
Русакова ;Марина;Юлиановна;loginDEiwl2018;LhlmIl;Заместитель директора
Константинов ;Пётр;Кондратович;loginDEyvi2018;22beR};Менеджер
Поляков ;Анатолий;Игоревич;loginDEtfz2018;uQY0ZQ;Заместитель директора
Панфилова ;Василиса;Григорьевна;loginDEikb2018;*QkUxc;Заказчик
Воробьёв ;Герман;Романович;loginDEdmi2018;HOGFbU;Мастер
Андреев ;Ростислав;Федосеевич;loginDEtlo2018;58Jxrg;Заказчик
Бобров ;Агафон;Владимирович;loginDEsnd2018;lLHqZf;Менеджер
Лапин ;Алексей;Витальевич;loginDEgno2018;4fqLiO;Заказчик
Шестаков ;Авдей;Иванович;loginDEgnl2018;wdio{u;Заместитель директора
Гаврилова ;Алина;Эдуардовна;loginDEzna2018;yz1iMB;Менеджер
Жуков ;Юлиан;Валерьянович;loginDEsyh2018;&4jYGs;Заказчик
Пономарёв ;Максим;Альвианович;loginDExex2018;rnh36{;Заместитель директора
Зиновьева ;Мария;Лаврентьевна;loginDEdjm2018;KjI1JR;Заказчик
Осипов ;Артём;Мэлорович;loginDEgup2018;36|KhF;Директор
Лапин ;Вячеслав;Геласьевич;loginDEdat2018;ussd8Q;Мастер
Зуев ;Ириней;Вадимович;loginDEffj2018;cJP+HC;Менеджер
Коновалова ;Агафья;Митрофановна;loginDEisp2018;dfz5Ii;Заказчик
Исаев ;Дмитрий;Аристархович;loginDEfrp2018;6dcR|9;Директор
Белозёрова ;Алевтина;Лаврентьевна;loginDEaee2018;5&qONH;Менеджер
Самсонов ;Агафон;Максимович;loginDEthu2018;|0xWzV;Директор
Якушев ;Евсей;Лукьевич;loginDEdcx2018;TYlFkM;Мастер
Фёдоров ;Святослав;Григорьевич;loginDEnsa2018;LdqH+T;Менеджер
Борисов ;Герман;Дамирович;loginDErxm2018;8EavEy;Заместитель директора
Ситников ;Серапион;Фролович;loginDEaic2018;X2adoa;Заказчик
Третьяков ;Валерьян;Иринеевич;loginDEwul2018;uK&3Zr;Мастер
Комиссарова ;Мария;Владимировна;loginDEjgl2018;++04Tb;Менеджер
Меркушева ;Раиса;Владленовна;loginDEgtk2018;pNWXhi;Заказчик
Калашникова ;Венера;Якуновна;loginDEvrd2018;S7N9hz;Директор
Комиссаров ;Семён;Павлович;loginDExky2018;Kt9EAS;Менеджер
Денисов ;Митрофан;Егорович;loginDExnj2018;IJDdP0;Заместитель директора
Матвиенко ;Дамир;Богданович;loginDEnbu2018;86uDLd;Мастер
Кириллов ;Константин;Алексеевич;loginDEiik2018;gKt2zV;Директор
Медведьев ;Фёдор;Мэлсович;loginDEwyi2018;9eskgK;Заказчик
Карпов ;Евгений;Лукьевич;loginDEpfr2018;mW1Q36;Заказчик
Маркова ;Евдокия;Артёмовна;loginDEjct2018;3WpoK9;Заказчик
Красильников ;Тихон;Богданович;loginDEsmg2018;ApH1By;Мастер
Титов ;Семён;Иринеевич;loginDEexu2018;Nt44pG;Заказчик
Кудряшов ;Борис;Иринеевич;loginDEztr2018;MYCgB7;Заказчик
Гаврилова ;Нинель;Денисовна;loginDEwrc2018;SktJa|;Заместитель директора
Быков ;Дмитрий;Валерьянович;loginDEzjs2018;|x{s+X;Менеджер
Фомичёв ;Денис;Федосеевич;loginDEeka2018;mLZvLv;Мастер
Белова ;Марфа;Матвеевна;loginDEepr2018;BG6tpN;Заказчик
Романова ;Марина;Лаврентьевна;loginDEsnq2018;hrD}}g;Заместитель директора
Беспалов ;Демьян;Витальевич;loginDEvqn2018;LPa|e3;Заместитель директора
Архипова ;Венера;Демьяновна;loginDEery2018;*I0Rdi;Мастер
Носков ;Парфений;Георгьевич;loginDElqv2018;Hqfw17;Мастер
Зыков ;Иван;Варламович;loginDEtuz2018;Yln7JW;Мастер
Иванова ;Венера;Протасьевна;loginDEllr2018;hXtdCD;Менеджер
Рожков ;Протасий;Альвианович;loginDEisy2018;5k5dHN;Директор
Большакова ;Нинель;Протасьевна;loginDEqiv2018;h+N2uW;Менеджер
Наумова ;Лидия;Донатовна;loginDEmfu2018;{ZpDBn;Заместитель директора
Панова ;Ольга;Олеговна;loginDEgbd2018;+86Nf*;Мастер
Комаров ;Аркадий;Иванович;loginDEkdg2018;R0tt07;Заместитель директора
Федосеева ;Тамара;Михаиловна;loginDEjrs2018;MVg{yd;Заместитель директора
Пестов ;Роман;Михаилович;loginDEmvd2018;wyLDa{;Директор
Блинов ;Артём;Ильяович;loginDEctc2018;B&dlx+;Заказчик
Владимирова ;Полина;Иринеевна;loginDEavf2018;oDTttg;Заместитель директора
Силин ;Игнатий;Яковович;loginDEako2018;tD8J5+;Заказчик
Кононов ;Геннадий;Созонович;loginDEzrg2018;WXIgGi;Директор
Дьячков ;Фрол;Арсеньевич;loginDEdwq2018;WkTaBP;Менеджер
Горбачёв ;Арсений;Григорьевич;loginDEszg2018;NWkAVP;Директор
Виноградов ;Яков;Онисимович;loginDEmeh2018;HQ+m4W;Директор
Лаврентьева ;Валентина;Васильевна;loginDEpwm2018;be7AT0;Директор
Брагин ;Лукьян;Мартынович;loginDEnaq2018;I8c5EB;Заказчик
Трофимов ;Кондрат;Игоревич;loginDEtuk2018;6aDAzV;Мастер
Степанова ;Глафира;Авксентьевна;loginDEhsb2018;n|I6A0;Менеджер
Федосеев ;Пётр;Григорьевич;loginDEaoi2018;Dl58m|;Заказчик
Поляков ;Николай;Антонович;loginDErmk2018;D3GuIv;Мастер
Медведев ;Владимир;Онисимович;loginDEfnd2018;74D9|d;Менеджер
Иванова ;Глафира;Мэлоровна;loginDEtza2018;A7Qldh;Заказчик
Медведева ;Ангелина;Валентиновна;loginDEnoq2018;qyKzu6;Заказчик
Сафонова ;Дарья;Брониславовна;loginDEmid2018;CVjLBK;Мастер
Большаков ;Федот;Владимирович;loginDEaua2018;OJgRk4;Директор
Дроздов ;Куприян;Александрович;loginDEvvs2018;oBv+5G;Заказчик
Рябова ;Лукия;Руслановна;loginDEhne2018;Lidn5o;Заместитель директора
Артемьева ;Фаина;Христофоровна;loginDEksx2018;gLTUuE;Мастер
Комиссарова ;Варвара;Руслановна;loginDEota2018;xc&O3U;Заместитель директора
Романова ;Оксана;Мартыновна;loginDEcda2018;Ji63Jt;Заместитель директора
Бобров ;Артём;Валерьянович;loginDEhjr2018;4aeumW;Директор
Соколов ;Василий;Михаилович;loginDEtps2018;G&lq7J;Заместитель директора
Рогов ;Лукьян;Онисимович;loginDEwdj2018;xj+&hg;Заказчик
Фомичёва ;Светлана;Тихоновна;loginDEgtc2018;ysRjen;Заказчик
Макаров ;Егор;Святославович;loginDEeib2018;DN0Zs&;Менеджер
Афанасьева ;Марфа;Куприяновна;loginDEzjn2018;E8c864;Менеджер
Рыбаков ;Андрей;Семёнович;loginDEdsm2018;dQPs1p;Директор
Белоусова ;Лариса;Валерьяновна;loginDEuxs2018;5FVwny;Менеджер
Ершов ;Сергей;Геласьевич;loginDExss2018;AiQQ|q;Директор
Иванова ;Жанна;Матвеевна;loginDEtog2018;TE757+;Менеджер
Носков ;Александр;Богданович;loginDEjfr2018;nxLt10;Мастер
Уваров ;Анатолий;Парфеньевич;loginDEcnj2018;QCQd0Z;Директор
Некрасова ;Ирина;Ильяовна;loginDEnsz2018;WS}BK1;Менеджер
Боброва ;Дарья;Федосеевна;loginDEgva2018;SXlY&e;Мастер
Степанова ;Любовь;Лукьевна;loginDErgi2018;ROPHET;Мастер
Меркушев ;Дамир;Улебович;loginDEgho2018;kDKj}M;Заказчик
Хохлова ;Виктория;Глебовна;loginDEgmb2018;czGJP5;Директор
Мельникова ;Таисия;Лукьяновна;loginDEunc2018;M*DY73;Мастер
Кошелев ;Владислав;Лукьянович;loginDEatn2018;h{QXsQ;Менеджер
Тетерин ;Всеволод;Ростиславович;loginDEwlw2018;9gIoYv;Заместитель директора
Капустина ;Любовь;Викторовна;loginDEunh2018;nhp6F0;Директор
Комиссарова ;Дарья;Парфеньевна;loginDEzvg2018;NEACzR;Заказчик
Назаров ;Евгений;Юлианович;loginDEhhe2018;LKkrzY;Директор
Зайцев ;Юрий;Анатольевич;loginDEfjj2018;dyv&fw;Заказчик
Селиверстова ;Дарья;Георгьевна;loginDEtun2018;}TKwPx;Менеджер
Наумова ;Вера;Ивановна;loginDEmym2018;WhDPfl;Директор
Быков ;Даниил;Антонинович;loginDEmxi2018;uEQkUn;Мастер
Корнилова ;Алина;Игоревна;loginDEeiw2018;bLgTtm;Мастер
Родионов ;Григорий;Антонович; loginDEotu2018;o5BP5N;Менеджер
Волков ;Владлен;Николаевич;loginDEiui2018;ce4&gT;Менеджер
Дьячкова ;Ираида;Якововна;loginDEcsm2018;*X3Tl8;Заказчик
Орлов ;Юрий;Андреевич;loginDEgwr2018;xhCEUR;Заместитель директора
Гордеев ;Аристарх;Русланович;loginDEjcu2018;2+JLPl;Заказчик
Зыков ;Варлам;Протасьевич;loginDExyn2018;IFFTHr;Мастер
Фомичёв ;Богдан;Федотович;loginDEzpz2018;PRI8h7;Заместитель директора
Дорофеева ;Валерия;Павловна;loginDEhic2018;OPCVb1;Директор
Матвеев ;Борис;Мэлорович;loginDEiwx2018;9{rX8I;Директор
Исакова ;Прасковья;Олеговна;loginDEmos2018;gC*38U;Директор
Стрелков ;Максим;Гордеевич;loginDEqov2018;AIINBG;Заказчик
Волков ;Николай;Ярославович;loginDEket2018;TN4H+S;Заместитель директора
Мишин ;Донат;Брониславович;loginDEayo2018;wHQKY5;Менеджер
Гурьев ;Матвей;Артёмович;loginDEryt2018;XcFoH*;Директор
Одинцов ;Даниил;Мстиславович;loginDEsvp2018;4kES&p;Мастер
Юдин ;Антон;Васильевич;loginDEiks2018;FXV&W*;Менеджер
Котова ;Элеонора;Протасьевна;loginDEhyt2018;3E{ZDm;Заместитель директора
Александров ;Евсей;Тихонович;loginDExkt2018;2EyCBy;Заместитель директора
Денисов ;Яков;Даниилович;loginDEjyt2018;E&Ac|h;Мастер
Васильева ;Татьяна;Пётровна;loginDErvn2018;6G+AZH;Мастер
Гуляева ;Октябрина;Кондратовна;loginDEitl2018;BECfk*;Заказчик
Борисова ;Синклитикия;Григорьевна;loginDEpfw2018;3kY3&K;Заказчик
Романова ;Евдокия;Альбертовна;loginDEide2018;dFR{Aq;Заказчик
Ефимов ;Руслан;Улебович;loginDEtur2018;YV5+x;Мастер
Назаров ;Ким;Кимович;loginDEtwc2018;oqx3Pv;Директор
Никитина ;Татьяна;Агафоновна;loginDEslj2018;YP*v6E;Менеджер
Панов ;Никита;Евсеевич;loginDEkxx2018;GhlUU&;Директор
Журавлёва ;Елизавета;Артёмовна;loginDEvdz2018;OhnHez;Мастер
Киселёв ;Бронислав;Арсеньевич;loginDEnvw2018;blqZ85;Менеджер
Галкин ;Владислав;Кимович;loginDEdno2018;PJ05BT;Мастер
Анисимова ;Таисия;Улебовна;loginDEmmc2018;8a0pbC;Заказчик
Якушев ;Валерьян;Викторович;loginDEckd2018;apfX0U;Заказчик
Максимов ;Ириней;Дамирович;loginDEbbm2018;l4tp}r;Директор
Миронова ;Валерия;Владиславовна;loginDEppq2018;Wgi6Ff;Заказчик
Поляков ;Георгий;Авдеевич;loginDEmnq2018;laFpJG;Заместитель директора
Фадеев ;Николай;Денисович;loginDEmqg2018;4*M&VK;Заказчик
Авдеева ;Наталья;Викторовна;loginDEazm2018;2seWAw;Заказчик
Калинин ;Бронислав;Денисович;loginDEapw2018;NX6N*N;Мастер
Суворов ;Дамир;Яковович;loginDEtic2018;gIXztH;Мастер
Горбачёва ;Зоя;Куприяновна;loginDEfgs2018;H9B17;Менеджер
Романов ;Анатолий;Юлианович;loginDEdrt2018;wg*xRp;Менеджер
Соловьёва ;Полина;Игоревна;loginDErtg2018;bg7NzS;Заказчик
Никифоров ;Владлен;Васильевич;loginDEijp2018;*V969Y;Заказчик
Кулаков ;Федот;Георгьевич;loginDEpnl2018;jinnCV;Мастер
Смирнова ;Елена;Якововна;loginDExjm2018;0PYqey;Мастер
Волков ;Федосей;Святославович;loginDEecw2018;V8}GOZ;Заместитель директора
Мухин ;Леонид;Антонович;loginDEdzx2018;iBUvT;Директор
Гурьева ;Ангелина;Матвеевна;loginDEaaf2018;SIBZnG;Менеджер
Захаров ;Артём;Вячеславович;loginDEqtm2018;fsKT+2;Заместитель директора
Баранова ;Евдокия;Игнатьевна;loginDEfzb2018;0Q6cQY;Заместитель директора
Кулакова ;Оксана;Ярославовна;loginDErqv2018;2LK9Pw;Менеджер
Муравьёва ;Синклитикия;Геннадьевна;loginDEzwx2018;3tICV1;Мастер
Медведев ;Евгений;Эдуардович;loginDEjzi2018;5cDW2|;Менеджер
Савельева ;Феврония;Фёдоровна;loginDEsjj2018;wuVex4;Менеджер
Лаврентьева ;Элеонора;Агафоновна;loginDEidz2018;G5DP2D;Заказчик
Носов ;Альберт;Ярославович;loginDEtqb2018;Y+Dq4P;Мастер
Капустин ;Фрол;Пётрович;loginDEcdz2018;e1oDkm;Менеджер
Крюков ;Евсей;Семёнович;loginDEoio2018;wHOAvL; Менеджер
Громов ;Протасий;Георгьевич;loginDEljv2018;utbJSk;Директор
Ларионова ;Агата;Ефимовна;loginDEcfc2018;GxVX}g;Заказчик
Пономарёв ;Ким;Семёнович;loginDEofx2018;dMTmGz;Заказчик
Герасимова ;Элеонора;Вадимовна;loginDEhns2018;oX7tXV;Заместитель директора
Галкин ;Георгий;Фёдорович;loginDExrk2018;8&vYwK;Директор
Воронова ;Антонина;Всеволодовна;loginDEscf2018;O|o5A+;Заказчик
Денисов ;Святослав;Онисимович;loginDEyua2018;rW71Ck;Менеджер
Гаврилов ;Демьян;Валентинович;loginDEgkj2018;yXC+SX;Заказчик
Аксёнова ;Маргарита;Артёмовна;loginDEtad2018;cp1gN+;Заказчик
Королёв ;Якун;Степанович;loginDEsan2018;q7Qx66;Заказчик
Кузьмина ;Прасковья;Онисимовна;loginDEgbx2018;qrB{e1;Мастер
Ефимова ;Александра;Парфеньевна;loginDEusz2018;0||9by;Заказчик
Красильникова ;Лариса;Ефимовна;loginDEanl2018;EcBP7N;Заказчик
Ларионова ;Фёкла;Филатовна;loginDEgzu2018;AkAXti;Директор
Шашков ;Филат;Кимович;loginDEriw2018;W39VRH;Заказчик
Мамонтова ;Элеонора;Максимовна;loginDEuup2018;yJ}w5s;Заказчик
Воробьёв ;Мартын;Игоревич;loginDExeu2018;dObOMp;Мастер
Корнилова ;Кира;Брониславовна;loginDElkp2018;TA6grZ;Менеджер
Лебедев ;Герман;Евгеньевич;loginDEzfz2018;GzUp*R;Мастер
Лазарев ;Мэлор;Дмитрьевич;loginDEkhc2018;4+F+o;Менеджер
Зайцев ;Мэлс;Русланович;loginDEwsi2018;8|JAAt;Заместитель директора
Устинова ;Зоя;Созоновна;loginDExhs2018;g+wDAX;Директор
Некрасова ;Алла;Альбертовна;loginDEmad2018;cRKuGW;Директор
Волков ;Ириней;Ефимович;loginDEpav2018;7eur3a;Заместитель директора
Кондратьев ;Геннадий;Дмитрьевич;loginDEave2018;|+aXyG;Заместитель директора
Копылова ;Ульяна;Тихоновна;loginDEkro2018;N5|}vM;Мастер
Баранов ;Анатолий;Митрофанович;loginDEdsu2018;aZZhZQ;Заместитель директора
Прохорова ;Нина;Улебовна;loginDEfuv2018;xSvieW;Заказчик
Якушева ;Ольга;Игнатьевна;loginDEsnk2018;lkR1ZZ;Заместитель директора
Филиппов ;Борис;Геннадьевич;loginDEppv2018;yg1DH+;Заказчик
Мишин ;Владлен;Арсеньевич;loginDEkzy2018;DpvYbd;Заместитель директора
Шилова ;Татьяна;Георгьевна;loginDEpmj2018;0{6txi;Мастер
Исаков ;Филат;Григорьевич;loginDEagt2018;HDZ&8{;Менеджер
Трофимов ;Иван;Антонинович;loginDEmch2018;IC2+2a;Заказчик
Туров ;Юлиан;Парфеньевич;loginDEzeq2018;WlZOJ3;Директор
Котов ;Анатолий;Арсеньевич;loginDEdts2018;lyy5BX;Директор
Антонов ;Германн;Мартынович;loginDEgdn2018;rkaUu0;Директор
Кондратьева ;Наталья;Юлиановна;loginDEmvy2018;3Y}DMk;Директор
Дьячкова ;Екатерина;Владленовна;loginDEjtt2018;eKlTzd;Заказчик
Ефимов ;Альвиан;Серапионович;loginDEmty2018;J20FCe;Мастер
Зимина ;Лукия;Дмитрьевна;loginDEjmx2018;i{OH{c;Заместитель директора
Сазонов ;Мэлор;Созонович;loginDEygt2018;zDTc9&;Мастер
Медведева ;Лариса;Ростиславовна;loginDEypc2018;vtxvjy;Директор
Кириллов ;Игнатий;Ростиславович;loginDErip2018;re53rs;Заместитель директора
Владимиров ;Егор;Пётрович;loginDEahk2018;|tP8kR;Директор
Мартынова ;Дарья;Васильевна;loginDEbid2018;DeyUEY;Мастер
Иванова ;Дарья;Фёдоровна;loginDEupo2018;Az*YxR;Мастер
Калинина ;Феврония;Брониславовна;loginDEvel2018;dA5Kk+;Директор
Крылова ;Людмила;Германовна;loginDEnpc2018;AozkWP;Директор
Потапов ;Геннадий;Созонович;loginDEigv2018;ZOYxOn; Директор
Мельникова ;Нонна;Альвиановна;loginDEwrl2018;CeSxSp;Заказчик
Авдеева ;Елизавета;Федотовна;loginDEbbl2018;BXfnEL;Менеджер
Лапина ;Синклитикия;Аристарховна;loginDEteq2018;YI+ss5;Заказчик
Третьяков ;Юрий;Станиславович;loginDEdis2018;|1+hrs;Менеджер
Николаев ;Ефим;Константинович;loginDElsk2018;h0OP2P;Мастер
Иванова ;Ирина;Мэлсовна;loginDEegj2018;52*BRY;Заместитель директора
